name	frequency
cc	236
aug	147
PP	56
RIFIT	49
pVTZ	32
pVQZ	30
pVDZ	28
def2	28
pV5Z	24
dyall	24
Sapporo	24
x2c	22
jorge	21
ANO	20
DK	20
pcJ	20
F12	19
OPTRI	18
lcecp	18
pwCVQZ	17
pwCVTZ	17
seg	16
pwCVDZ	15
(Dunning	14
Hay)	14
DZP	14
DK3	13
ZORA	13
pwCV5Z	13
ano	12
X2C	12
binning	12
TZP	12
DKH3	12
diffuse	12
+	11
QZP	11
NR	10
J	10
pc	10
pcS	10
pcseg	10
pcSseg	10
QZVP	10
SVP	10
JKFIT	9
ECP	9
DZ	8
pCVQZ	8
pCVTZ	8
ccX	8
pcH	8
pcX	8
TZVP	8
NASA	8
Ames	8
SARC2	8
2c	8
s	8
RCC	7
pV(Q+d)Z	7
pCVDZ	7
pV6Z	7
SV(P)	7
dgauss	7
dhf	7
Rydberg	7
31G	6
admm	6
TZ	6
pV(T+d)Z	6
mcc	6
DKH2	6
QZVPP	6
TZVPP	6
DKH	6
STO	6
Stuttgart	6
QZ	5
pV(D+d)Z	5
d	5
FANO	5
jgauss	5
PAW	5
CV	4
21G	4
31G*	4
Ahlrichs	4
pV7Z	4
F12(rev2)	4
ccJ	4
coemd	4
DFO	4
Partridge	4
Uncontracted	4
PB6	4
pcemd	4
QZV	4
saug	4
3G	4
RSC	4
QZVPall	4
QZVPPall	4
AHGBS	3
AHGBSP1	3
AHGBSP2	3
AHGBSP3	3
VDZ	3
VT	3
ATZP	3
pCV5Z	3
5Z	3
opt)	3
OPTRI+	3
ccemd	3
ref	3
universal	3
JFIT	3
Double	3
Diffuse	3
HGBS	3
HGBSP1	3
HGBSP2	3
HGBSP3	3
5ZP	3
6ZP	3
jul	3
jun	3
LANL2DZ	3
maug	3
PB4	3
D	3
PB5	3
pob	3
PsX	3
SBKJC	3
SBO4	3
SV	3
SV(P)all	3
SVPall	3
TZVPall	3
TZVPPall	3
2ZaPa	2
3ZaPa	2
4ZaPa	2
5ZaPa	2
31++G**	2
31+G*	2
311++G**	2
311+G*	2
311G	2
311G**	2
Blaudeau	2
31G**	2
acv2z	2
acv3z	2
acv4z	2
VTZ	2
pV(5+d)Z	2
pV8Z	2
0_2006	2
1_2006	2
2_2006	2
3_2006	2
4_2006	2
CRENBL	2
CRENBS	2
mTZVPP	2
QZVPPD	2
SVPD	2
TZVPD	2
TZVPPD	2
DZVP	2
NRLMOL	2
a1	2
dftjfit	2
dftxfit	2
a2	2
epc	2
IGLO	2
m6	2
may	2
MINI	2
L1	2
contracted	2
L2	2
F	2
G	2
pecJ	2
rev2	2
Roos	2
Augmented	2
Zeta	2
s3	2
s6	2
SARC	2
RLC	2
un	2
2ZaP	1
3ZaP	1
4ZaP	1
5ZaP	1
31++G	1
31++G*	1
31+G	1
31+G**	1
311++G	1
311++G(2d,2p)	1
311++G(3df,3pd)	1
311++G*	1
311+G	1
311+G(2d,p)	1
311+G**	1
311G(2df,2pd)	1
311G(d,p)	1
311G*	1
311xxG(d,p)	1
31G(2df,p)	1
31G(3df,3pd)	1
31G(d,p)	1
6ZaP	1
6ZaPa	1
7ZaPa	1
TZV	1
R	1
R0	1
R1	1
R2	1
R3	1
MB	1
VDZP	1
VQZP	1
VTZP	1
apr	1
asigmaDZ	1
asigmaQZ	1
asigmaTZ	1
641(d)	1
641(df)	1
641+	1
641+(d)	1
641+(df)	1
962(d)	1
962(df)	1
962+	1
962+(d)	1
962+(df)	1
CADPAC	1
TZ2P	1
pV5Z(fi/sf/fw)	1
pV5Z(fi/sf/lc)	1
pV5Z(fi/sf/sc)	1
pV5Z(pt/sf/fw)	1
pV5Z(pt/sf/lc)	1
pV5Z(pt/sf/sc)	1
pV9Z	1
pVDZ(fi/sf/fw)	1
pVDZ(fi/sf/lc)	1
pVDZ(fi/sf/sc)	1
pVDZ(pt/sf/fw)	1
pVDZ(pt/sf/lc)	1
pVDZ(pt/sf/sc)	1
pVDZ(seg	1
pVQZ(fi/sf/fw)	1
pVQZ(fi/sf/lc)	1
pVQZ(fi/sf/sc)	1
pVQZ(pt/sf/fw)	1
pVQZ(pt/sf/lc)	1
pVQZ(pt/sf/sc)	1
pVQZ(seg	1
pVTZ(fi/sf/fw)	1
pVTZ(fi/sf/lc)	1
pVTZ(fi/sf/sc)	1
pVTZ(pt/sf/fw)	1
pVTZ(pt/sf/lc)	1
pVTZ(pt/sf/sc)	1
pVTZ(seg	1
Cologne	1
mTZVP	1
RIJ	1
QZVPD	1
deMon2k	1
GGA	1
DFO+	1
BHS	1
dzvp	1
dzvp2	1
tzvp	1
aae2z	1
aae3z	1
aae4z	1
aae5z	1
acv5z	1
ae2z	1
ae3z	1
ae4z	1
ae5z	1
av2z	1
av3z	1
av4z	1
av5z	1
cv2z	1
cv3z	1
cv4z	1
cv5z	1
v2z	1
v3z	1
v4z	1
v5z	1
10s10p10d10f	1
8s8p8d	1
6Z	1
Grimme	1
vDZP	1
II	1
III	1
dzp	1
qz2p	1
qzp	1
tzp1	1
tzp2	1
A5ZP	1
A6ZP	1
ADZP	1
AQZP	1
Koga	1
unpolarized	1
LANL08	1
LANL08(d)	1
LANL08(f)	1
LANL08+	1
LANL2DZdp	1
LANL2TZ	1
LANL2TZ(f)	1
LANL2TZ+	1
MIDI	1
MIDI!	1
MIDIX	1
modified	1
ANO2	1
NLO	1
V	1
NMR	1
(TZ2P)	1
ORP	1
L05	1
F1	1
F2	1
H	1
pSBKJC	1
Pt	1
mDZP	1
Triple	1
21G*	1
Sadlej	1
Sadlej+	1
sap_grasp_large	1
sap_grasp_small	1
sap_helfem_large	1
sap_helfem_small	1
Polarized	1
(p,2d)	1
LFK	1
DZ(d)	1
DZ(d,p)	1
SZ	1
Scaled	1
sigmaDZ	1
sigmaDZHF	1
sigmaQZ	1
sigmaSZHF	1
sigmaTZ	1
sigmaTZHF	1
2G	1
3G*	1
4G	1
5G	1
6G	1
Segmented	1
UGBS	1
Wachters+f	1
WTBS	1
